p,za,theta,n_ext,seed,T,A,R
0.034,114.3,45.0,1.0,13,0.016867,0.00765,0.975483
0.034,114.3,46.0,1.0,13,0.015323,0.007128,0.977548
0.034,114.3,47.0,1.0,13,0.013832,0.006727,0.979442
0.034,114.3,48.0,1.0,13,0.012554,0.00642,0.981025
0.034,114.3,49.0,1.0,13,0.011716,0.006158,0.982126
0.034,114.3,50.0,1.0,13,0.011004,0.005916,0.98308
0.034,114.3,51.0,1.0,13,0.010489,0.005693,0.983818
0.034,114.3,52.0,1.0,13,0.009959,0.005494,0.984547
0.034,114.3,53.0,1.0,13,0.009524,0.005313,0.985163
0.034,114.3,54.0,1.0,13,0.009044,0.005141,0.985814
0.034,114.3,55.0,1.0,13,0.008688,0.004987,0.986325
0.034,114.3,56.0,1.0,13,0.008331,0.004829,0.98684
0.034,114.3,57.0,1.0,13,0.007945,0.00466,0.987395
0.034,114.3,58.0,1.0,13,0.007624,0.004497,0.987878
0.034,114.3,59.0,1.0,13,0.007174,0.004324,0.988502
0.034,114.3,60.0,1.0,13,0.006858,0.004166,0.988976
0.034,114.3,61.0,1.0,13,0.006714,0.004033,0.989252
0.034,114.3,62.0,1.0,13,0.006462,0.003913,0.989625
0.034,114.3,63.0,1.0,13,0.006243,0.003803,0.989954
0.034,114.3,64.0,1.0,13,0.006046,0.003668,0.990286
0.034,114.3,65.0,1.0,13,0.005726,0.003496,0.990778
0.034,114.3,66.0,1.0,13,0.005374,0.003298,0.991328
0.034,114.3,67.0,1.0,13,0.00512,0.003111,0.991769
0.034,114.3,68.0,1.0,13,0.004949,0.002981,0.99207
0.034,114.3,69.0,1.0,13,0.004794,0.002911,0.992295
0.034,114.3,70.0,1.0,13,0.004708,0.002869,0.992423
0.034,114.3,71.0,1.0,13,0.00458,0.002792,0.992628
0.034,114.3,72.0,1.0,13,0.004246,0.002594,0.99316
0.034,114.3,73.0,1.0,13,0.003743,0.002316,0.993941
0.034,114.3,74.0,1.0,13,0.003294,0.002053,0.994653
0.034,114.3,75.0,1.0,13,0.003048,0.001899,0.995052
0.034,114.3,76.0,1.0,13,0.00308,0.001908,0.995012
0.034,114.3,77.0,1.0,13,0.003252,0.002006,0.994742
0.034,114.3,78.0,1.0,13,0.003189,0.001973,0.994838
0.034,114.3,79.0,1.0,13,0.002716,0.001689,0.995595
0.034,114.3,80.0,1.0,13,0.002125,0.001323,0.996552
0.034,114.3,81.0,1.0,13,0.001641,0.001022,0.997337
0.034,114.3,82.0,1.0,13,0.001374,0.000856,0.99777
0.034,114.3,83.0,1.0,13,0.001527,0.000951,0.997522
0.034,114.3,84.0,1.0,13,0.001902,0.001183,0.996915
0.034,114.3,66.0,1.33,13,0.042953,0.015386,0.941661
0.034,114.3,67.0,1.33,13,0.028128,0.013608,0.958263
0.034,114.3,68.0,1.33,13,0.024455,0.012517,0.963028
0.034,114.3,69.0,1.33,13,0.022922,0.011906,0.965172
0.034,114.3,70.0,1.33,13,0.022316,0.011564,0.96612
0.034,114.3,71.0,1.33,13,0.022443,0.011337,0.96622
0.034,114.3,72.0,1.33,13,0.021085,0.010486,0.968429
0.034,114.3,73.0,1.33,13,0.017678,0.00914,0.973183
0.034,114.3,74.0,1.33,13,0.014634,0.007855,0.97751
0.034,114.3,75.0,1.33,13,0.013243,0.007157,0.9796
0.034,114.3,76.0,1.33,13,0.01372,0.007376,0.978904
0.034,114.3,77.0,1.33,13,0.015349,0.00824,0.97641
0.034,114.3,78.0,1.33,13,0.015944,0.008613,0.975443
0.034,114.3,79.0,1.33,13,0.013198,0.0072,0.979601
0.034,114.3,80.0,1.33,13,0.0093,0.005074,0.985627
0.034,114.3,81.0,1.33,13,0.006381,0.003486,0.990133
0.034,114.3,82.0,1.33,13,0.005132,0.002808,0.99206
0.034,114.3,83.0,1.33,13,0.006589,0.003612,0.989799
0.034,114.3,84.0,1.33,13,0.010762,0.005911,0.983327
0.206,52.9,45.0,1.0,13,0.080386,0.047371,0.872242
0.206,52.9,46.0,1.0,13,0.073992,0.046446,0.879562
0.206,52.9,47.0,1.0,13,0.068943,0.045742,0.885315
0.206,52.9,48.0,1.0,13,0.065664,0.045095,0.889242
0.206,52.9,49.0,1.0,13,0.063449,0.0446,0.891952
0.206,52.9,50.0,1.0,13,0.06139,0.043997,0.894612
0.206,52.9,51.0,1.0,13,0.060196,0.043537,0.896267
0.206,52.9,52.0,1.0,13,0.057435,0.042996,0.899569
0.206,52.9,53.0,1.0,13,0.056323,0.042605,0.901071
0.206,52.9,54.0,1.0,13,0.054425,0.042025,0.90355
0.206,52.9,55.0,1.0,13,0.052811,0.041674,0.905515
0.206,52.9,56.0,1.0,13,0.05104,0.041097,0.907863
0.206,52.9,57.0,1.0,13,0.050183,0.040562,0.909255
0.206,52.9,58.0,1.0,13,0.051944,0.040054,0.908002
0.206,52.9,59.0,1.0,13,0.050443,0.039333,0.910224
0.206,52.9,60.0,1.0,13,0.048931,0.038604,0.912465
0.206,52.9,61.0,1.0,13,0.047929,0.03812,0.91395
0.206,52.9,62.0,1.0,13,0.046677,0.03765,0.915674
0.206,52.9,63.0,1.0,13,0.045941,0.037297,0.916762
0.206,52.9,64.0,1.0,13,0.045043,0.036807,0.91815
0.206,52.9,65.0,1.0,13,0.042643,0.035823,0.921533
0.206,52.9,66.0,1.0,13,0.039859,0.034461,0.925681
0.206,52.9,67.0,1.0,13,0.03794,0.033044,0.929015
0.206,52.9,68.0,1.0,13,0.03644,0.031897,0.931663
0.206,52.9,69.0,1.0,13,0.035649,0.03151,0.932841
0.206,52.9,70.0,1.0,13,0.035541,0.031698,0.932761
0.206,52.9,71.0,1.0,13,0.035387,0.031721,0.932892
0.206,52.9,72.0,1.0,13,0.033611,0.030345,0.936045
0.206,52.9,73.0,1.0,13,0.029828,0.027421,0.942752
0.206,52.9,74.0,1.0,13,0.026097,0.024242,0.949661
0.206,52.9,75.0,1.0,13,0.023999,0.022282,0.95372
0.206,52.9,76.0,1.0,13,0.024475,0.022451,0.953074
0.206,52.9,77.0,1.0,13,0.026859,0.024397,0.948744
0.206,52.9,78.0,1.0,13,0.027799,0.025275,0.946926
0.206,52.9,79.0,1.0,13,0.024265,0.022236,0.9535
0.206,52.9,80.0,1.0,13,0.018648,0.017195,0.964157
0.206,52.9,81.0,1.0,13,0.01387,0.012835,0.973295
0.206,52.9,82.0,1.0,13,0.011197,0.010386,0.978417
0.206,52.9,83.0,1.0,13,0.012551,0.01166,0.975789
0.206,52.9,84.0,1.0,13,0.017756,0.016511,0.965733
0.206,52.9,66.0,1.33,13,0.076605,0.057409,0.865986
0.206,52.9,67.0,1.33,13,0.091058,0.063772,0.84517
0.206,52.9,68.0,1.33,13,0.09498,0.068783,0.836237
0.206,52.9,69.0,1.33,13,0.09649,0.072716,0.830794
0.206,52.9,70.0,1.33,13,0.100682,0.077225,0.822093
0.206,52.9,71.0,1.33,13,0.10562,0.083377,0.811002
0.206,52.9,72.0,1.33,13,0.112389,0.091111,0.7965
0.206,52.9,73.0,1.33,13,0.111663,0.089407,0.79893
0.206,52.9,74.0,1.33,13,0.108816,0.088503,0.802681
0.206,52.9,75.0,1.33,13,0.104293,0.085024,0.810683
0.206,52.9,76.0,1.33,13,0.107904,0.08665,0.805446
0.206,52.9,77.0,1.33,13,0.126389,0.100172,0.77344
0.206,52.9,78.0,1.33,13,0.157046,0.124924,0.718029
0.206,52.9,79.0,1.33,13,0.170474,0.140095,0.689431
0.206,52.9,80.0,1.33,13,0.149547,0.122614,0.727839
0.206,52.9,81.0,1.33,13,0.100995,0.082924,0.816081
0.206,52.9,82.0,1.33,13,0.069366,0.057172,0.873462
0.206,52.9,83.0,1.33,13,0.076012,0.062877,0.861111
0.206,52.9,84.0,1.33,13,0.165096,0.136737,0.698167
0.528,7.7,45.0,1.0,13,0.008605,0.051038,0.940357
0.528,7.7,46.0,1.0,13,0.010011,0.060338,0.929651
0.528,7.7,47.0,1.0,13,0.008874,0.056026,0.9351
0.528,7.7,48.0,1.0,13,0.009083,0.06111,0.929807
0.528,7.7,49.0,1.0,13,0.008995,0.0604,0.930606
0.528,7.7,50.0,1.0,13,0.008689,0.063053,0.928259
0.528,7.7,51.0,1.0,13,0.008526,0.06384,0.927634
0.528,7.7,52.0,1.0,13,0.0097,0.077397,0.912902
0.528,7.7,53.0,1.0,13,0.008765,0.069452,0.921783
0.528,7.7,54.0,1.0,13,0.010189,0.085285,0.904526
0.528,7.7,55.0,1.0,13,0.00914,0.074822,0.916038
0.528,7.7,56.0,1.0,13,0.009234,0.077964,0.912802
0.528,7.7,57.0,1.0,13,0.011697,0.094095,0.894208
0.528,7.7,58.0,1.0,13,0.009621,0.084478,0.905901
0.528,7.7,59.0,1.0,13,0.012548,0.118457,0.868995
0.528,7.7,60.0,1.0,13,0.012217,0.117256,0.870527
0.528,7.7,61.0,1.0,13,0.009959,0.092453,0.897588
0.528,7.7,62.0,1.0,13,0.009858,0.095262,0.89488
0.528,7.7,63.0,1.0,13,0.009868,0.099609,0.890522
0.528,7.7,64.0,1.0,13,0.01007,0.100685,0.889245
0.528,7.7,65.0,1.0,13,0.011516,0.116693,0.871791
0.528,7.7,66.0,1.0,13,0.011545,0.11544,0.873015
0.528,7.7,67.0,1.0,13,0.010803,0.113757,0.87544
0.528,7.7,68.0,1.0,13,0.010663,0.119319,0.870018
0.528,7.7,69.0,1.0,13,0.013649,0.156951,0.8294
0.528,7.7,70.0,1.0,13,0.013601,0.157553,0.828846
0.528,7.7,71.0,1.0,13,0.013731,0.137689,0.84858
0.528,7.7,72.0,1.0,13,0.013668,0.13926,0.847072
0.528,7.7,73.0,1.0,13,0.013928,0.150074,0.835998
0.528,7.7,74.0,1.0,13,0.014173,0.155793,0.830035
0.528,7.7,75.0,1.0,13,0.015078,0.158944,0.825978
0.528,7.7,76.0,1.0,13,0.013679,0.146388,0.839933
0.528,7.7,77.0,1.0,13,0.013542,0.146652,0.839805
0.528,7.7,78.0,1.0,13,0.01468,0.160412,0.824908
0.528,7.7,79.0,1.0,13,0.016886,0.185279,0.797835
0.528,7.7,80.0,1.0,13,0.01947,0.213118,0.767412
0.528,7.7,81.0,1.0,13,0.020022,0.221558,0.75842
0.528,7.7,82.0,1.0,13,0.016121,0.181421,0.802459
0.528,7.7,83.0,1.0,13,0.011211,0.127136,0.861653
0.528,7.7,84.0,1.0,13,0.010713,0.121152,0.868135
0.528,7.7,66.0,1.33,13,0.009092,0.042448,0.94846
0.528,7.7,67.0,1.33,13,0.006589,0.040979,0.952432
0.528,7.7,68.0,1.33,13,0.006377,0.041923,0.9517
0.528,7.7,69.0,1.33,13,0.006093,0.044572,0.949335
0.528,7.7,70.0,1.33,13,0.006127,0.044916,0.948956
0.528,7.7,71.0,1.33,13,0.006275,0.046332,0.947393
0.528,7.7,72.0,1.33,13,0.006561,0.049747,0.943692
0.528,7.7,73.0,1.33,13,0.007497,0.059742,0.932762
0.528,7.7,74.0,1.33,13,0.006681,0.055429,0.93789
0.528,7.7,75.0,1.33,13,0.006523,0.055009,0.938468
0.528,7.7,76.0,1.33,13,0.006312,0.055209,0.938479
0.528,7.7,77.0,1.33,13,0.006065,0.054388,0.939547
0.528,7.7,78.0,1.33,13,0.006195,0.056585,0.93722
0.528,7.7,79.0,1.33,13,0.006802,0.059459,0.933739
0.528,7.7,80.0,1.33,13,0.006258,0.050665,0.943077
0.528,7.7,81.0,1.33,13,0.005211,0.041366,0.953423
0.528,7.7,82.0,1.33,13,0.004669,0.037163,0.958169
0.528,7.7,83.0,1.33,13,0.004565,0.036508,0.958927
0.528,7.7,84.0,1.33,13,0.004156,0.033447,0.962397
0.034,114.3,45.0,1.0,29,0.012852,0.007573,0.979575
0.034,114.3,46.0,1.0,29,0.011602,0.006994,0.981404
0.034,114.3,47.0,1.0,29,0.010658,0.0066,0.982743
0.034,114.3,48.0,1.0,29,0.009849,0.006287,0.983864
0.034,114.3,49.0,1.0,29,0.009221,0.006027,0.984752
0.034,114.3,50.0,1.0,29,0.008647,0.00578,0.985573
0.034,114.3,51.0,1.0,29,0.008287,0.00557,0.986143
0.034,114.3,52.0,1.0,29,0.007784,0.005366,0.98685
0.034,114.3,53.0,1.0,29,0.007467,0.005197,0.987336
0.034,114.3,54.0,1.0,29,0.006779,0.005008,0.988213
0.034,114.3,55.0,1.0,29,0.006455,0.004863,0.988682
0.034,114.3,56.0,1.0,29,0.006143,0.004692,0.989164
0.034,114.3,57.0,1.0,29,0.005766,0.004521,0.989713
0.034,114.3,58.0,1.0,29,0.005517,0.004356,0.990127
0.034,114.3,59.0,1.0,29,0.005187,0.004186,0.990627
0.034,114.3,60.0,1.0,29,0.004962,0.004025,0.991013
0.034,114.3,61.0,1.0,29,0.004903,0.00389,0.991207
0.034,114.3,62.0,1.0,29,0.004576,0.003771,0.991654
0.034,114.3,63.0,1.0,29,0.004423,0.003666,0.991911
0.034,114.3,64.0,1.0,29,0.00439,0.003537,0.992072
0.034,114.3,65.0,1.0,29,0.004138,0.003372,0.99249
0.034,114.3,66.0,1.0,29,0.003853,0.003184,0.992963
0.034,114.3,67.0,1.0,29,0.003647,0.003008,0.993345
0.034,114.3,68.0,1.0,29,0.003495,0.002878,0.993627
0.034,114.3,69.0,1.0,29,0.003369,0.002809,0.993821
0.034,114.3,70.0,1.0,29,0.003303,0.002771,0.993925
0.034,114.3,71.0,1.0,29,0.003199,0.00269,0.994111
0.034,114.3,72.0,1.0,29,0.002968,0.002502,0.99453
0.034,114.3,73.0,1.0,29,0.002634,0.002236,0.99513
0.034,114.3,74.0,1.0,29,0.002322,0.001983,0.995695
0.034,114.3,75.0,1.0,29,0.002141,0.001836,0.996023
0.034,114.3,76.0,1.0,29,0.002152,0.001842,0.996006
0.034,114.3,77.0,1.0,29,0.002273,0.001938,0.995789
0.034,114.3,78.0,1.0,29,0.002222,0.001906,0.995872
0.034,114.3,79.0,1.0,29,0.001876,0.00163,0.996494
0.034,114.3,80.0,1.0,29,0.001458,0.001276,0.997266
0.034,114.3,81.0,1.0,29,0.001123,0.000987,0.99789
0.034,114.3,82.0,1.0,29,0.000941,0.000827,0.998232
0.034,114.3,83.0,1.0,29,0.001047,0.000918,0.998035
0.034,114.3,84.0,1.0,29,0.001303,0.001137,0.99756
0.034,114.3,66.0,1.33,29,0.042508,0.014983,0.942509
0.034,114.3,67.0,1.33,29,0.026491,0.012878,0.96063
0.034,114.3,68.0,1.33,29,0.022781,0.011663,0.965556
0.034,114.3,69.0,1.33,29,0.021135,0.010956,0.967909
0.034,114.3,70.0,1.33,29,0.020258,0.010566,0.969176
0.034,114.3,71.0,1.33,29,0.019601,0.010199,0.9702
0.034,114.3,72.0,1.33,29,0.018048,0.009429,0.972524
0.034,114.3,73.0,1.33,29,0.015533,0.008229,0.976238
0.034,114.3,74.0,1.33,29,0.013195,0.007065,0.97974
0.034,114.3,75.0,1.33,29,0.012006,0.006438,0.981556
0.034,114.3,76.0,1.33,29,0.012372,0.006612,0.981016
0.034,114.3,77.0,1.33,29,0.013844,0.007388,0.978768
0.034,114.3,78.0,1.33,29,0.014376,0.007704,0.97792
0.034,114.3,79.0,1.33,29,0.011812,0.0064,0.981788
0.034,114.3,80.0,1.33,29,0.008322,0.004506,0.987172
0.034,114.3,81.0,1.33,29,0.005728,0.003103,0.991169
0.034,114.3,82.0,1.33,29,0.004622,0.002507,0.992871
0.034,114.3,83.0,1.33,29,0.005939,0.003227,0.990834
0.034,114.3,84.0,1.33,29,0.009609,0.00523,0.985161
0.206,52.9,45.0,1.0,29,0.063173,0.049261,0.887567
0.206,52.9,46.0,1.0,29,0.058722,0.04844,0.892838
0.206,52.9,47.0,1.0,29,0.054804,0.047886,0.897311
0.206,52.9,48.0,1.0,29,0.051799,0.047171,0.90103
0.206,52.9,49.0,1.0,29,0.049706,0.046682,0.903612
0.206,52.9,50.0,1.0,29,0.047645,0.046177,0.906178
0.206,52.9,51.0,1.0,29,0.047416,0.045693,0.906891
0.206,52.9,52.0,1.0,29,0.045874,0.045229,0.908897
0.206,52.9,53.0,1.0,29,0.044823,0.044892,0.910286
0.206,52.9,54.0,1.0,29,0.043696,0.044327,0.911977
0.206,52.9,55.0,1.0,29,0.043654,0.043846,0.9125
0.206,52.9,56.0,1.0,29,0.043592,0.04318,0.913228
0.206,52.9,57.0,1.0,29,0.042094,0.042596,0.91531
0.206,52.9,58.0,1.0,29,0.041659,0.041978,0.916363
0.206,52.9,59.0,1.0,29,0.040672,0.041126,0.918202
0.206,52.9,60.0,1.0,29,0.039458,0.040397,0.920145
0.206,52.9,61.0,1.0,29,0.038553,0.039719,0.921728
0.206,52.9,62.0,1.0,29,0.036756,0.039247,0.923997
0.206,52.9,63.0,1.0,29,0.036155,0.038921,0.924923
0.206,52.9,64.0,1.0,29,0.036181,0.038401,0.925417
0.206,52.9,65.0,1.0,29,0.035166,0.037445,0.927389
0.206,52.9,66.0,1.0,29,0.033615,0.035996,0.930389
0.206,52.9,67.0,1.0,29,0.032335,0.034464,0.933201
0.206,52.9,68.0,1.0,29,0.031251,0.033315,0.935435
0.206,52.9,69.0,1.0,29,0.030299,0.032903,0.936798
0.206,52.9,70.0,1.0,29,0.030167,0.033033,0.936799
0.206,52.9,71.0,1.0,29,0.030114,0.033127,0.936759
0.206,52.9,72.0,1.0,29,0.02876,0.031671,0.939569
0.206,52.9,73.0,1.0,29,0.025625,0.028643,0.945732
0.206,52.9,74.0,1.0,29,0.022467,0.02531,0.952223
0.206,52.9,75.0,1.0,29,0.020547,0.023243,0.95621
0.206,52.9,76.0,1.0,29,0.020713,0.023493,0.955794
0.206,52.9,77.0,1.0,29,0.022447,0.025573,0.95198
0.206,52.9,78.0,1.0,29,0.023004,0.026512,0.950485
0.206,52.9,79.0,1.0,29,0.019866,0.023327,0.956807
0.206,52.9,80.0,1.0,29,0.015097,0.018007,0.966896
0.206,52.9,81.0,1.0,29,0.011158,0.013424,0.975418
0.206,52.9,82.0,1.0,29,0.008987,0.010854,0.980159
0.206,52.9,83.0,1.0,29,0.010081,0.01219,0.977729
0.206,52.9,84.0,1.0,29,0.014323,0.01731,0.968367
0.206,52.9,66.0,1.33,29,0.075325,0.057159,0.867516
0.206,52.9,67.0,1.33,29,0.089588,0.064078,0.846334
0.206,52.9,68.0,1.33,29,0.093887,0.07002,0.836093
0.206,52.9,69.0,1.33,29,0.095565,0.074476,0.829958
0.206,52.9,70.0,1.33,29,0.099057,0.079569,0.821375
0.206,52.9,71.0,1.33,29,0.104834,0.086567,0.808599
0.206,52.9,72.0,1.33,29,0.113947,0.097007,0.789047
0.206,52.9,73.0,1.33,29,0.110428,0.093676,0.795895
0.206,52.9,74.0,1.33,29,0.107233,0.093488,0.799279
0.206,52.9,75.0,1.33,29,0.102046,0.089965,0.807989
0.206,52.9,76.0,1.33,29,0.10595,0.091531,0.802519
0.206,52.9,77.0,1.33,29,0.122546,0.107692,0.769762
0.206,52.9,78.0,1.33,29,0.151096,0.133977,0.714927
0.206,52.9,79.0,1.33,29,0.172081,0.153231,0.674688
0.206,52.9,80.0,1.33,29,0.152128,0.137436,0.710436
0.206,52.9,81.0,1.33,29,0.103562,0.094152,0.802285
0.206,52.9,82.0,1.33,29,0.070978,0.064677,0.864345
0.206,52.9,83.0,1.33,29,0.076874,0.070172,0.852954
0.206,52.9,84.0,1.33,29,0.165506,0.151552,0.682942
0.528,7.7,45.0,1.0,29,0.008527,0.05479,0.936683
0.528,7.7,46.0,1.0,29,0.008047,0.052647,0.939306
0.528,7.7,47.0,1.0,29,0.008404,0.057409,0.934188
0.528,7.7,48.0,1.0,29,0.008107,0.067644,0.924248
0.528,7.7,49.0,1.0,29,0.007952,0.058634,0.933414
0.528,7.7,50.0,1.0,29,0.00786,0.065439,0.926701
0.528,7.7,51.0,1.0,29,0.00785,0.063093,0.929057
0.528,7.7,52.0,1.0,29,0.008003,0.067759,0.924238
0.528,7.7,53.0,1.0,29,0.008411,0.068848,0.922741
0.528,7.7,54.0,1.0,29,0.009114,0.080114,0.910771
0.528,7.7,55.0,1.0,29,0.008993,0.076389,0.914618
0.528,7.7,56.0,1.0,29,0.008832,0.079037,0.912131
0.528,7.7,57.0,1.0,29,0.009184,0.084494,0.906322
0.528,7.7,58.0,1.0,29,0.009116,0.082776,0.908108
0.528,7.7,59.0,1.0,29,0.011229,0.098833,0.889938
0.528,7.7,60.0,1.0,29,0.009969,0.095436,0.894595
0.528,7.7,61.0,1.0,29,0.00953,0.091745,0.898725
0.528,7.7,62.0,1.0,29,0.009851,0.096243,0.893906
0.528,7.7,63.0,1.0,29,0.009975,0.099738,0.890287
0.528,7.7,64.0,1.0,29,0.010726,0.105884,0.883389
0.528,7.7,65.0,1.0,29,0.01344,0.132217,0.854343
0.528,7.7,66.0,1.0,29,0.019589,0.20481,0.7756
0.528,7.7,67.0,1.0,29,0.014127,0.159164,0.826709
0.528,7.7,68.0,1.0,29,0.010815,0.120598,0.868587
0.528,7.7,69.0,1.0,29,0.011037,0.122987,0.865976
0.528,7.7,70.0,1.0,29,0.011908,0.130976,0.857116
0.528,7.7,71.0,1.0,29,0.013065,0.132624,0.854311
0.528,7.7,72.0,1.0,29,0.01344,0.138311,0.848249
0.528,7.7,73.0,1.0,29,0.015045,0.150231,0.834724
0.528,7.7,74.0,1.0,29,0.014179,0.154344,0.831476
0.528,7.7,75.0,1.0,29,0.013047,0.152317,0.834635
0.528,7.7,76.0,1.0,29,0.012421,0.147138,0.840442
0.528,7.7,77.0,1.0,29,0.012957,0.151169,0.835874
0.528,7.7,78.0,1.0,29,0.014621,0.17108,0.814299
0.528,7.7,79.0,1.0,29,0.017941,0.214676,0.767383
0.528,7.7,80.0,1.0,29,0.021354,0.259869,0.718777
0.528,7.7,81.0,1.0,29,0.023573,0.279927,0.6965
0.528,7.7,82.0,1.0,29,0.023372,0.270841,0.705787
0.528,7.7,83.0,1.0,29,0.016775,0.193444,0.789781
0.528,7.7,84.0,1.0,29,0.013734,0.160345,0.825921
0.528,7.7,66.0,1.33,29,0.00852,0.040569,0.950911
0.528,7.7,67.0,1.33,29,0.006772,0.040906,0.952322
0.528,7.7,68.0,1.33,29,0.006879,0.045548,0.947573
0.528,7.7,69.0,1.33,29,0.007765,0.058674,0.933561
0.528,7.7,70.0,1.33,29,0.010171,0.077292,0.912537
0.528,7.7,71.0,1.33,29,0.009418,0.071763,0.918819
0.528,7.7,72.0,1.33,29,0.006737,0.052777,0.940486
0.528,7.7,73.0,1.33,29,0.006346,0.051794,0.94186
0.528,7.7,74.0,1.33,29,0.006602,0.053746,0.939653
0.528,7.7,75.0,1.33,29,0.007327,0.058791,0.933882
0.528,7.7,76.0,1.33,29,0.006869,0.057401,0.935729
0.528,7.7,77.0,1.33,29,0.005997,0.05216,0.941843
0.528,7.7,78.0,1.33,29,0.005469,0.048401,0.946131
0.528,7.7,79.0,1.33,29,0.005024,0.044741,0.950234
0.528,7.7,80.0,1.33,29,0.00454,0.040585,0.954875
0.528,7.7,81.0,1.33,29,0.004158,0.037119,0.958723
0.528,7.7,82.0,1.33,29,0.004071,0.035736,0.960193
0.528,7.7,83.0,1.33,29,0.004243,0.03642,0.959337
0.528,7.7,84.0,1.33,29,0.003972,0.033919,0.962109
0.034,114.3,45.0,1.0,37,0.017013,0.006585,0.976402
0.034,114.3,46.0,1.0,37,0.015019,0.006028,0.978953
0.034,114.3,47.0,1.0,37,0.013557,0.005628,0.980815
0.034,114.3,48.0,1.0,37,0.012486,0.005349,0.982165
0.034,114.3,49.0,1.0,37,0.011666,0.005128,0.983206
0.034,114.3,50.0,1.0,37,0.010903,0.004938,0.984159
0.034,114.3,51.0,1.0,37,0.010371,0.004769,0.98486
0.034,114.3,52.0,1.0,37,0.009709,0.004607,0.985684
0.034,114.3,53.0,1.0,37,0.009555,0.004476,0.985969
0.034,114.3,54.0,1.0,37,0.009091,0.004326,0.986584
0.034,114.3,55.0,1.0,37,0.008765,0.004193,0.987043
0.034,114.3,56.0,1.0,37,0.008451,0.004072,0.987477
0.034,114.3,57.0,1.0,37,0.008089,0.00394,0.987971
0.034,114.3,58.0,1.0,37,0.007737,0.003806,0.988457
0.034,114.3,59.0,1.0,37,0.007342,0.003673,0.988985
0.034,114.3,60.0,1.0,37,0.007024,0.003546,0.98943
0.034,114.3,61.0,1.0,37,0.006815,0.003446,0.989739
0.034,114.3,62.0,1.0,37,0.006431,0.003347,0.990222
0.034,114.3,63.0,1.0,37,0.006157,0.003259,0.990584
0.034,114.3,64.0,1.0,37,0.005953,0.003159,0.990888
0.034,114.3,65.0,1.0,37,0.005649,0.003024,0.991327
0.034,114.3,66.0,1.0,37,0.005285,0.00286,0.991855
0.034,114.3,67.0,1.0,37,0.004985,0.002705,0.992309
0.034,114.3,68.0,1.0,37,0.00476,0.002598,0.992642
0.034,114.3,69.0,1.0,37,0.004597,0.002546,0.992857
0.034,114.3,70.0,1.0,37,0.004506,0.002514,0.99298
0.034,114.3,71.0,1.0,37,0.004386,0.002453,0.993161
0.034,114.3,72.0,1.0,37,0.004066,0.002286,0.993649
0.034,114.3,73.0,1.0,37,0.003607,0.002044,0.99435
0.034,114.3,74.0,1.0,37,0.003185,0.001812,0.995003
0.034,114.3,75.0,1.0,37,0.002941,0.001681,0.995379
0.034,114.3,76.0,1.0,37,0.002942,0.001689,0.995368
0.034,114.3,77.0,1.0,37,0.003083,0.001777,0.99514
0.034,114.3,78.0,1.0,37,0.003016,0.001746,0.995238
0.034,114.3,79.0,1.0,37,0.002577,0.001495,0.995928
0.034,114.3,80.0,1.0,37,0.002016,0.001172,0.996812
0.034,114.3,81.0,1.0,37,0.001559,0.000908,0.997533
0.034,114.3,82.0,1.0,37,0.001309,0.000762,0.99793
0.034,114.3,83.0,1.0,37,0.001456,0.000846,0.997699
0.034,114.3,84.0,1.0,37,0.001806,0.001046,0.997148
0.034,114.3,66.0,1.33,37,0.050561,0.014378,0.935061
0.034,114.3,67.0,1.33,37,0.029804,0.011899,0.958297
0.034,114.3,68.0,1.33,37,0.024752,0.01063,0.964618
0.034,114.3,69.0,1.33,37,0.022439,0.010026,0.967535
0.034,114.3,70.0,1.33,37,0.021336,0.009686,0.968977
0.034,114.3,71.0,1.33,37,0.020998,0.009433,0.969569
0.034,114.3,72.0,1.33,37,0.019284,0.008718,0.971998
0.034,114.3,73.0,1.33,37,0.016133,0.007567,0.9763
0.034,114.3,74.0,1.33,37,0.013502,0.00649,0.980008
0.034,114.3,75.0,1.33,37,0.012225,0.005947,0.981827
0.034,114.3,76.0,1.33,37,0.012497,0.006134,0.981369
0.034,114.3,77.0,1.33,37,0.01382,0.006826,0.979354
0.034,114.3,78.0,1.33,37,0.014222,0.007092,0.978686
0.034,114.3,79.0,1.33,37,0.0117,0.005897,0.982403
0.034,114.3,80.0,1.33,37,0.00815,0.00417,0.98768
0.034,114.3,81.0,1.33,37,0.0056,0.002885,0.991516
0.034,114.3,82.0,1.33,37,0.004531,0.002338,0.99313
0.034,114.3,83.0,1.33,37,0.005846,0.003013,0.991142
0.034,114.3,84.0,1.33,37,0.009455,0.004859,0.985686
0.206,52.9,45.0,1.0,37,0.062368,0.049561,0.888071
0.206,52.9,46.0,1.0,37,0.056479,0.048278,0.895243
0.206,52.9,47.0,1.0,37,0.052837,0.047352,0.899811
0.206,52.9,48.0,1.0,37,0.048527,0.046592,0.904881
0.206,52.9,49.0,1.0,37,0.046349,0.046084,0.907567
0.206,52.9,50.0,1.0,37,0.043862,0.045608,0.91053
0.206,52.9,51.0,1.0,37,0.041896,0.045203,0.912902
0.206,52.9,52.0,1.0,37,0.038806,0.044783,0.916411
0.206,52.9,53.0,1.0,37,0.037387,0.044463,0.918151
0.206,52.9,54.0,1.0,37,0.035988,0.04417,0.919841
0.206,52.9,55.0,1.0,37,0.03545,0.043844,0.920706
0.206,52.9,56.0,1.0,37,0.035182,0.043516,0.921302
0.206,52.9,57.0,1.0,37,0.034274,0.042982,0.922744
0.206,52.9,58.0,1.0,37,0.0337,0.042451,0.923849
0.206,52.9,59.0,1.0,37,0.032875,0.04174,0.925385
0.206,52.9,60.0,1.0,37,0.032222,0.041141,0.926637
0.206,52.9,61.0,1.0,37,0.031925,0.04069,0.927385
0.206,52.9,62.0,1.0,37,0.031065,0.040137,0.928798
0.206,52.9,63.0,1.0,37,0.030538,0.039894,0.929568
0.206,52.9,64.0,1.0,37,0.029873,0.03951,0.930617
0.206,52.9,65.0,1.0,37,0.028316,0.038374,0.93331
0.206,52.9,66.0,1.0,37,0.02694,0.036874,0.936186
0.206,52.9,67.0,1.0,37,0.025691,0.035262,0.939047
0.206,52.9,68.0,1.0,37,0.02465,0.034039,0.941312
0.206,52.9,69.0,1.0,37,0.024286,0.033582,0.942132
0.206,52.9,70.0,1.0,37,0.02434,0.033769,0.941891
0.206,52.9,71.0,1.0,37,0.02422,0.033876,0.941904
0.206,52.9,72.0,1.0,37,0.023169,0.032273,0.944558
0.206,52.9,73.0,1.0,37,0.020716,0.029196,0.950088
0.206,52.9,74.0,1.0,37,0.018122,0.025799,0.956079
0.206,52.9,75.0,1.0,37,0.016572,0.023675,0.959753
0.206,52.9,76.0,1.0,37,0.01674,0.023937,0.959323
0.206,52.9,77.0,1.0,37,0.018205,0.026085,0.955711
0.206,52.9,78.0,1.0,37,0.018831,0.027074,0.954095
0.206,52.9,79.0,1.0,37,0.016405,0.023747,0.959848
0.206,52.9,80.0,1.0,37,0.012555,0.018304,0.969141
0.206,52.9,81.0,1.0,37,0.00932,0.013635,0.977045
0.206,52.9,82.0,1.0,37,0.007521,0.011022,0.981457
0.206,52.9,83.0,1.0,37,0.008445,0.012388,0.979167
0.206,52.9,84.0,1.0,37,0.012002,0.017619,0.970378
0.206,52.9,66.0,1.33,37,0.062685,0.058708,0.878607
0.206,52.9,67.0,1.33,37,0.074058,0.064599,0.861343
0.206,52.9,69.0,1.33,37,0.07254,0.073575,0.853886
0.206,52.9,70.0,1.33,37,0.074009,0.078035,0.847956
0.206,52.9,71.0,1.33,37,0.077998,0.084179,0.837823
0.206,52.9,72.0,1.33,37,0.082154,0.091434,0.826412
0.206,52.9,73.0,1.33,37,0.08452,0.092136,0.823343
0.206,52.9,74.0,1.33,37,0.081606,0.091387,0.827006
0.206,52.9,75.0,1.33,37,0.079232,0.088229,0.832538
0.206,52.9,76.0,1.33,37,0.086699,0.091051,0.82225
0.206,52.9,77.0,1.33,37,0.099644,0.107951,0.792405
0.206,52.9,78.0,1.33,37,0.12293,0.135917,0.741153
0.206,52.9,79.0,1.33,37,0.135582,0.150396,0.714022
0.206,52.9,80.0,1.33,37,0.119733,0.133788,0.746478
0.206,52.9,81.0,1.33,37,0.081298,0.091292,0.827411
0.206,52.9,82.0,1.33,37,0.055967,0.062852,0.881181
0.206,52.9,83.0,1.33,37,0.061486,0.068709,0.869805
0.206,52.9,84.0,1.33,37,0.135356,0.150106,0.714538
0.034,114.3,45.0,1.0,41,0.01042,0.007044,0.982536
0.034,114.3,46.0,1.0,41,0.009345,0.006584,0.984071
0.034,114.3,47.0,1.0,41,0.008678,0.006249,0.985073
0.034,114.3,48.0,1.0,41,0.008295,0.00597,0.985735
0.034,114.3,49.0,1.0,41,0.008006,0.005732,0.986263
0.034,114.3,50.0,1.0,41,0.00754,0.00552,0.98694
0.034,114.3,51.0,1.0,41,0.007165,0.005334,0.987502
0.034,114.3,52.0,1.0,41,0.006707,0.005158,0.988135
0.034,114.3,53.0,1.0,41,0.006446,0.005002,0.988552
0.034,114.3,54.0,1.0,41,0.006058,0.004848,0.989093
0.034,114.3,55.0,1.0,41,0.005834,0.004705,0.989461
0.034,114.3,56.0,1.0,41,0.00563,0.004565,0.989805
0.034,114.3,57.0,1.0,41,0.00535,0.004413,0.990237
0.034,114.3,58.0,1.0,41,0.00523,0.004258,0.990512
0.034,114.3,59.0,1.0,41,0.004951,0.004106,0.990943
0.034,114.3,60.0,1.0,41,0.004744,0.003964,0.991292
0.034,114.3,61.0,1.0,41,0.004658,0.003845,0.991497
0.034,114.3,62.0,1.0,41,0.004467,0.003732,0.991801
0.034,114.3,63.0,1.0,41,0.004361,0.003629,0.99201
0.034,114.3,64.0,1.0,41,0.004389,0.003514,0.992097
0.034,114.3,65.0,1.0,41,0.00417,0.003356,0.992475
0.034,114.3,66.0,1.0,41,0.003918,0.003171,0.992911
0.034,114.3,67.0,1.0,41,0.003711,0.003,0.993289
0.034,114.3,68.0,1.0,41,0.003549,0.002873,0.993578
0.034,114.3,69.0,1.0,41,0.003416,0.002804,0.99378
0.034,114.3,70.0,1.0,41,0.003345,0.002769,0.993886
0.034,114.3,71.0,1.0,41,0.003253,0.002691,0.994056
0.034,114.3,72.0,1.0,41,0.003017,0.002506,0.994477
0.034,114.3,73.0,1.0,41,0.002619,0.00224,0.995141
0.034,114.3,74.0,1.0,41,0.002278,0.001986,0.995736
0.034,114.3,75.0,1.0,41,0.002103,0.00184,0.996057
0.034,114.3,76.0,1.0,41,0.002125,0.001851,0.996024
0.034,114.3,77.0,1.0,41,0.002241,0.001945,0.995814
0.034,114.3,78.0,1.0,41,0.002196,0.001909,0.995895
0.034,114.3,79.0,1.0,41,0.001878,0.001635,0.996487
0.034,114.3,80.0,1.0,41,0.00147,0.001281,0.997249
0.034,114.3,81.0,1.0,41,0.001136,0.00099,0.997874
0.034,114.3,82.0,1.0,41,0.000953,0.00083,0.998217
0.034,114.3,83.0,1.0,41,0.001063,0.000922,0.998015
0.034,114.3,84.0,1.0,41,0.001328,0.001147,0.997525
0.034,114.3,66.0,1.33,41,0.044334,0.014377,0.941289
0.034,114.3,67.0,1.33,41,0.024954,0.012339,0.962707
0.034,114.3,68.0,1.33,41,0.02049,0.011297,0.968213
0.034,114.3,69.0,1.33,41,0.01779,0.010699,0.971511
0.034,114.3,70.0,1.33,41,0.016767,0.010454,0.972779
0.034,114.3,71.0,1.33,41,0.016311,0.010209,0.97348
0.034,114.3,72.0,1.33,41,0.015141,0.009534,0.975325
0.034,114.3,73.0,1.33,41,0.013073,0.008342,0.978585
0.034,114.3,74.0,1.33,41,0.011054,0.00716,0.981787
0.034,114.3,75.0,1.33,41,0.01006,0.006522,0.983418
0.034,114.3,76.0,1.33,41,0.010445,0.006743,0.982812
0.034,114.3,77.0,1.33,41,0.01165,0.00751,0.98084
0.034,114.3,78.0,1.33,41,0.012025,0.007798,0.980177
0.034,114.3,79.0,1.33,41,0.009964,0.006508,0.983528
0.034,114.3,80.0,1.33,41,0.006995,0.004587,0.988419
0.034,114.3,81.0,1.33,41,0.004803,0.003155,0.992042
0.034,114.3,82.0,1.33,41,0.003875,0.002548,0.993578
0.034,114.3,83.0,1.33,41,0.004994,0.003282,0.991724
0.034,114.3,84.0,1.33,41,0.008148,0.005346,0.986506
0.206,52.9,45.0,1.0,41,0.075929,0.049244,0.874827
0.206,52.9,46.0,1.0,41,0.069466,0.048695,0.881839
0.206,52.9,47.0,1.0,41,0.064772,0.048202,0.887026
0.206,52.9,48.0,1.0,41,0.061434,0.047793,0.890773
0.206,52.9,49.0,1.0,41,0.057831,0.047513,0.894656
0.206,52.9,50.0,1.0,41,0.053959,0.04711,0.898931
0.206,52.9,51.0,1.0,41,0.052414,0.046769,0.900817
0.206,52.9,52.0,1.0,41,0.050756,0.046319,0.902925
0.206,52.9,53.0,1.0,41,0.050061,0.045948,0.90399
0.206,52.9,54.0,1.0,41,0.047988,0.045656,0.906356
0.206,52.9,55.0,1.0,41,0.046457,0.045365,0.908179
0.206,52.9,56.0,1.0,41,0.045357,0.045146,0.909497
0.206,52.9,57.0,1.0,41,0.044252,0.044636,0.911112
0.206,52.9,58.0,1.0,41,0.043628,0.044159,0.912214
0.206,52.9,59.0,1.0,41,0.041358,0.04342,0.915222
0.206,52.9,60.0,1.0,41,0.039978,0.042788,0.917234
0.206,52.9,61.0,1.0,41,0.038981,0.04225,0.918769
0.206,52.9,62.0,1.0,41,0.037632,0.041815,0.920552
0.206,52.9,63.0,1.0,41,0.036944,0.041637,0.921418
0.206,52.9,64.0,1.0,41,0.036495,0.041372,0.922134
0.206,52.9,65.0,1.0,41,0.034765,0.040216,0.925019
0.206,52.9,66.0,1.0,41,0.033242,0.038722,0.928037
0.206,52.9,67.0,1.0,41,0.031478,0.037124,0.931397
0.206,52.9,68.0,1.0,41,0.0303,0.035685,0.934016
0.206,52.9,69.0,1.0,41,0.029521,0.035052,0.935427
0.206,52.9,70.0,1.0,41,0.029531,0.035261,0.935208
0.206,52.9,71.0,1.0,41,0.029539,0.035216,0.935244
0.206,52.9,72.0,1.0,41,0.028092,0.033559,0.938349
0.206,52.9,73.0,1.0,41,0.024962,0.030304,0.944734
0.206,52.9,74.0,1.0,41,0.021799,0.026792,0.951409
0.206,52.9,75.0,1.0,41,0.019856,0.024587,0.955558
0.206,52.9,76.0,1.0,41,0.019928,0.024789,0.955283
0.206,52.9,77.0,1.0,41,0.021626,0.027041,0.951333
0.206,52.9,78.0,1.0,41,0.022154,0.028133,0.949713
0.206,52.9,79.0,1.0,41,0.019163,0.024687,0.95615
0.206,52.9,80.0,1.0,41,0.014612,0.019043,0.966345
0.206,52.9,81.0,1.0,41,0.010821,0.014185,0.974994
0.206,52.9,82.0,1.0,41,0.008739,0.011458,0.979804
0.206,52.9,83.0,1.0,41,0.009857,0.012864,0.977279
0.206,52.9,84.0,1.0,41,0.014116,0.018282,0.967602
0.206,52.9,66.0,1.33,41,0.070863,0.058716,0.870421
0.206,52.9,67.0,1.33,41,0.085656,0.064137,0.850207
0.206,52.9,68.0,1.33,41,0.090892,0.069898,0.839211
0.206,52.9,69.0,1.33,41,0.090033,0.0733,0.836667
0.206,52.9,70.0,1.33,41,0.092998,0.077521,0.829481
0.206,52.9,71.0,1.33,41,0.096706,0.082892,0.820402
0.206,52.9,72.0,1.33,41,0.103088,0.088932,0.80798
0.206,52.9,73.0,1.33,41,0.104787,0.091453,0.80376
0.206,52.9,74.0,1.33,41,0.102454,0.090375,0.807171
0.206,52.9,75.0,1.33,41,0.098969,0.087635,0.813396
0.206,52.9,76.0,1.33,41,0.102245,0.090341,0.807413
0.206,52.9,77.0,1.33,41,0.119664,0.104943,0.775393
0.206,52.9,78.0,1.33,41,0.145769,0.130635,0.723596
0.206,52.9,79.0,1.33,41,0.159848,0.147928,0.692224
0.206,52.9,80.0,1.33,41,0.141335,0.133251,0.725414
0.206,52.9,81.0,1.33,41,0.096256,0.091274,0.81247
0.206,52.9,82.0,1.33,41,0.066443,0.06268,0.870877
0.206,52.9,83.0,1.33,41,0.073323,0.068247,0.85843
0.206,52.9,84.0,1.33,41,0.162666,0.148921,0.688412
0.034,114.3,45.0,1.0,53,0.016374,0.007199,0.976427
0.034,114.3,46.0,1.0,53,0.014531,0.006679,0.97879
0.034,114.3,47.0,1.0,53,0.012932,0.00634,0.980727
0.034,114.3,48.0,1.0,53,0.011768,0.006027,0.982205
0.034,114.3,49.0,1.0,53,0.010805,0.005765,0.98343
0.034,114.3,50.0,1.0,53,0.009707,0.005546,0.984747
0.034,114.3,51.0,1.0,53,0.009122,0.005351,0.985527
0.034,114.3,52.0,1.0,53,0.008623,0.005176,0.986201
0.034,114.3,53.0,1.0,53,0.008235,0.005027,0.986739
0.034,114.3,54.0,1.0,53,0.007701,0.004878,0.987421
0.034,114.3,55.0,1.0,53,0.00753,0.004751,0.987719
0.034,114.3,56.0,1.0,53,0.00735,0.004604,0.988046
0.034,114.3,57.0,1.0,53,0.00696,0.00445,0.98859
0.034,114.3,58.0,1.0,53,0.006706,0.0043,0.988993
0.034,114.3,59.0,1.0,53,0.0064,0.004144,0.989455
0.034,114.3,60.0,1.0,53,0.006125,0.004005,0.98987
0.034,114.3,61.0,1.0,53,0.005955,0.003894,0.990152
0.034,114.3,62.0,1.0,53,0.005717,0.003781,0.990502
0.034,114.3,63.0,1.0,53,0.005519,0.00368,0.990802
0.034,114.3,64.0,1.0,53,0.005331,0.003551,0.991117
0.034,114.3,65.0,1.0,53,0.005059,0.003391,0.99155
0.034,114.3,66.0,1.0,53,0.004752,0.003202,0.992046
0.034,114.3,67.0,1.0,53,0.004506,0.003032,0.992462
0.034,114.3,68.0,1.0,53,0.004272,0.002898,0.992831
0.034,114.3,69.0,1.0,53,0.004027,0.002829,0.993145
0.034,114.3,70.0,1.0,53,0.00394,0.002794,0.993265
0.034,114.3,71.0,1.0,53,0.003864,0.002718,0.993418
0.034,114.3,72.0,1.0,53,0.003628,0.002535,0.993838
0.034,114.3,73.0,1.0,53,0.003223,0.002265,0.994512
0.034,114.3,74.0,1.0,53,0.002843,0.002006,0.995151
0.034,114.3,75.0,1.0,53,0.002633,0.001858,0.995509
0.034,114.3,76.0,1.0,53,0.002659,0.001865,0.995476
0.034,114.3,77.0,1.0,53,0.002814,0.001962,0.995225
0.034,114.3,78.0,1.0,53,0.002761,0.001928,0.995311
0.034,114.3,79.0,1.0,53,0.00235,0.001651,0.995999
0.034,114.3,80.0,1.0,53,0.001834,0.001293,0.996873
0.034,114.3,81.0,1.0,53,0.001417,0.001,0.997583
0.034,114.3,82.0,1.0,53,0.001189,0.000838,0.997973
0.034,114.3,83.0,1.0,53,0.001325,0.00093,0.997745
0.034,114.3,84.0,1.0,53,0.001655,0.001156,0.99719
0.034,114.3,66.0,1.33,53,0.048102,0.014609,0.937289
0.034,114.3,67.0,1.33,53,0.028708,0.012554,0.958738
0.034,114.3,68.0,1.33,53,0.023911,0.011403,0.964687
0.034,114.3,69.0,1.33,53,0.021919,0.01073,0.967352
0.034,114.3,70.0,1.33,53,0.021102,0.010442,0.968456
0.034,114.3,71.0,1.33,53,0.020576,0.010148,0.969276
0.034,114.3,72.0,1.33,53,0.019084,0.009435,0.971481
0.034,114.3,73.0,1.33,53,0.016266,0.008222,0.975512
0.034,114.3,74.0,1.33,53,0.013665,0.007035,0.979301
0.034,114.3,75.0,1.33,53,0.012428,0.006402,0.98117
0.034,114.3,76.0,1.33,53,0.012972,0.006588,0.98044
0.034,114.3,77.0,1.33,53,0.014634,0.007359,0.978007
0.034,114.3,78.0,1.33,53,0.015084,0.007655,0.97726
0.034,114.3,79.0,1.33,53,0.012203,0.00636,0.981438
0.034,114.3,80.0,1.33,53,0.008419,0.004482,0.987099
0.034,114.3,81.0,1.33,53,0.005747,0.003091,0.991162
0.034,114.3,82.0,1.33,53,0.004626,0.0025,0.992874
0.034,114.3,83.0,1.33,53,0.005943,0.003222,0.990835
0.034,114.3,84.0,1.33,53,0.00965,0.005239,0.985111
0.206,52.9,45.0,1.0,53,0.072678,0.049118,0.878204
0.206,52.9,46.0,1.0,53,0.067144,0.047998,0.884858
0.206,52.9,47.0,1.0,53,0.06257,0.04723,0.8902
0.206,52.9,48.0,1.0,53,0.05885,0.046488,0.894662
0.206,52.9,49.0,1.0,53,0.056165,0.045894,0.897941
0.206,52.9,50.0,1.0,53,0.053141,0.045234,0.901625
0.206,52.9,51.0,1.0,53,0.052246,0.044738,0.903016
0.206,52.9,52.0,1.0,53,0.049937,0.044244,0.905818
0.206,52.9,53.0,1.0,53,0.050685,0.043881,0.905434
0.206,52.9,54.0,1.0,53,0.049493,0.043439,0.907068
0.206,52.9,55.0,1.0,53,0.04854,0.043153,0.908307
0.206,52.9,56.0,1.0,53,0.047566,0.042746,0.909688
0.206,52.9,57.0,1.0,53,0.045593,0.042124,0.912283
0.206,52.9,58.0,1.0,53,0.044835,0.041424,0.913741
0.206,52.9,59.0,1.0,53,0.043415,0.040614,0.915971
0.206,52.9,60.0,1.0,53,0.042169,0.039886,0.917945
0.206,52.9,61.0,1.0,53,0.041699,0.039305,0.918996
0.206,52.9,62.0,1.0,53,0.040944,0.038799,0.920257
0.206,52.9,63.0,1.0,53,0.041198,0.038424,0.920378
0.206,52.9,64.0,1.0,53,0.043076,0.037995,0.918929
0.206,52.9,65.0,1.0,53,0.041776,0.037012,0.921211
0.206,52.9,66.0,1.0,53,0.0398,0.035512,0.924688
0.206,52.9,67.0,1.0,53,0.037825,0.034053,0.928122
0.206,52.9,68.0,1.0,53,0.036289,0.032781,0.93093
0.206,52.9,69.0,1.0,53,0.034953,0.032219,0.932828
0.206,52.9,70.0,1.0,53,0.034629,0.032284,0.933087
0.206,52.9,71.0,1.0,53,0.034527,0.032221,0.933253
0.206,52.9,72.0,1.0,53,0.032887,0.030667,0.936446
0.206,52.9,73.0,1.0,53,0.029447,0.027726,0.942828
0.206,52.9,74.0,1.0,53,0.025754,0.024521,0.949725
0.206,52.9,75.0,1.0,53,0.023495,0.0225,0.954004
0.206,52.9,76.0,1.0,53,0.023707,0.022647,0.953646
0.206,52.9,77.0,1.0,53,0.025933,0.024639,0.949428
0.206,52.9,78.0,1.0,53,0.026735,0.025528,0.947737
0.206,52.9,79.0,1.0,53,0.023196,0.022454,0.95435
0.206,52.9,80.0,1.0,53,0.017727,0.017352,0.964921
0.206,52.9,81.0,1.0,53,0.013133,0.012951,0.973915
0.206,52.9,82.0,1.0,53,0.010577,0.010484,0.978939
0.206,52.9,83.0,1.0,53,0.011826,0.011766,0.976408
0.206,52.9,84.0,1.0,53,0.016634,0.016599,0.966766
0.206,52.9,66.0,1.33,53,0.079594,0.058179,0.862226
0.206,52.9,67.0,1.33,53,0.098137,0.065775,0.836088
0.206,52.9,68.0,1.33,53,0.100655,0.070887,0.828458
0.206,52.9,69.0,1.33,53,0.102707,0.074047,0.823245
0.206,52.9,70.0,1.33,53,0.106457,0.078125,0.815418
0.206,52.9,71.0,1.33,53,0.113734,0.084004,0.802262
0.206,52.9,72.0,1.33,53,0.120288,0.090063,0.789649
0.206,52.9,73.0,1.33,53,0.11979,0.091422,0.788788
0.206,52.9,74.0,1.33,53,0.115734,0.089646,0.794621
0.206,52.9,75.0,1.33,53,0.110721,0.086101,0.803178
0.206,52.9,76.0,1.33,53,0.113683,0.088186,0.798131
0.206,52.9,77.0,1.33,53,0.131735,0.102036,0.766229
0.206,52.9,78.0,1.33,53,0.161668,0.126874,0.711458
0.206,52.9,79.0,1.33,53,0.180893,0.145421,0.673686
0.206,52.9,80.0,1.33,53,0.155773,0.127164,0.717063
0.206,52.9,81.0,1.33,53,0.104069,0.085753,0.810178
0.206,52.9,82.0,1.33,53,0.071208,0.059052,0.869741
0.206,52.9,83.0,1.33,53,0.078059,0.065063,0.856878
0.206,52.9,84.0,1.33,53,0.1706,0.142768,0.686633
0.528,7.7,45.0,1.0,53,0.007337,0.048329,0.944335
0.528,7.7,46.0,1.0,53,0.007259,0.050907,0.941834
0.528,7.7,47.0,1.0,53,0.008317,0.058898,0.932785
0.528,7.7,48.0,1.0,53,0.007254,0.058264,0.934482
0.528,7.7,49.0,1.0,53,0.007643,0.060662,0.931695
0.528,7.7,50.0,1.0,53,0.011053,0.084191,0.904756
0.528,7.7,51.0,1.0,53,0.008302,0.064176,0.927522
0.528,7.7,52.0,1.0,53,0.008718,0.072874,0.918407
0.528,7.7,53.0,1.0,53,0.007962,0.06857,0.923468
0.528,7.7,54.0,1.0,53,0.008311,0.072714,0.918975
0.528,7.7,55.0,1.0,53,0.008676,0.075739,0.915585
0.528,7.7,56.0,1.0,53,0.009458,0.076386,0.914156
0.528,7.7,57.0,1.0,53,0.009526,0.082629,0.907845
0.528,7.7,58.0,1.0,53,0.009587,0.082324,0.908089
0.528,7.7,59.0,1.0,53,0.01246,0.1074,0.88014
0.528,7.7,60.0,1.0,53,0.013145,0.124738,0.862117
0.528,7.7,61.0,1.0,53,0.009968,0.093646,0.896387
0.528,7.7,62.0,1.0,53,0.014293,0.121331,0.864376
0.528,7.7,63.0,1.0,53,0.011478,0.105087,0.883435
0.528,7.7,64.0,1.0,53,0.011621,0.102333,0.886046
0.528,7.7,65.0,1.0,53,0.012559,0.109172,0.878269
0.528,7.7,66.0,1.0,53,0.013567,0.122939,0.863495
0.528,7.7,67.0,1.0,53,0.012675,0.119056,0.868269
0.528,7.7,68.0,1.0,53,0.013306,0.12353,0.863164
0.528,7.7,69.0,1.0,53,0.018108,0.165514,0.816378
0.528,7.7,70.0,1.0,53,0.022768,0.230479,0.746752
0.528,7.7,71.0,1.0,53,0.016864,0.158299,0.824837
0.528,7.7,72.0,1.0,53,0.015482,0.142006,0.842512
0.528,7.7,73.0,1.0,53,0.016319,0.149563,0.834117
0.528,7.7,74.0,1.0,53,0.017906,0.159068,0.823026
0.528,7.7,75.0,1.0,53,0.018438,0.168145,0.813417
0.528,7.7,76.0,1.0,53,0.015611,0.148085,0.836304
0.528,7.7,77.0,1.0,53,0.015497,0.146034,0.838469
0.528,7.7,78.0,1.0,53,0.016978,0.159098,0.823923
0.528,7.7,79.0,1.0,53,0.019982,0.184647,0.795371
0.528,7.7,80.0,1.0,53,0.02337,0.21277,0.763861
0.528,7.7,81.0,1.0,53,0.023334,0.218841,0.757825
0.528,7.7,82.0,1.0,53,0.018806,0.180916,0.800277
0.528,7.7,83.0,1.0,53,0.013167,0.12689,0.859943
0.528,7.7,84.0,1.0,53,0.012519,0.119813,0.867667
0.528,7.7,66.0,1.33,53,0.009029,0.043488,0.947483
0.528,7.7,67.0,1.33,53,0.00687,0.04441,0.94872
0.528,7.7,68.0,1.33,53,0.007282,0.048545,0.944173
0.528,7.7,69.0,1.33,53,0.009783,0.061738,0.928479
0.528,7.7,70.0,1.33,53,0.007756,0.051087,0.941157
0.528,7.7,71.0,1.33,53,0.006732,0.046085,0.947183
0.528,7.7,72.0,1.33,53,0.006439,0.04491,0.948651
0.528,7.7,73.0,1.33,53,0.006457,0.045864,0.947679
0.528,7.7,74.0,1.33,53,0.006069,0.045818,0.948113
0.528,7.7,75.0,1.33,53,0.006004,0.046584,0.947413
0.528,7.7,76.0,1.33,53,0.00624,0.048681,0.945078
0.528,7.7,77.0,1.33,53,0.006536,0.050789,0.942675
0.528,7.7,78.0,1.33,53,0.006829,0.053487,0.939684
0.528,7.7,79.0,1.33,53,0.007289,0.057834,0.934877
0.528,7.7,80.0,1.33,53,0.006652,0.053253,0.940095
0.528,7.7,81.0,1.33,53,0.005587,0.044711,0.949701
0.528,7.7,82.0,1.33,53,0.005168,0.040803,0.954029
0.528,7.7,83.0,1.33,53,0.005163,0.039794,0.955043
0.528,7.7,84.0,1.33,53,0.004669,0.035519,0.959811
0.034,114.3,45.0,1.0,67,0.015959,0.007811,0.97623
0.034,114.3,46.0,1.0,67,0.013463,0.007238,0.979299
0.034,114.3,47.0,1.0,67,0.011903,0.006835,0.981263
0.034,114.3,48.0,1.0,67,0.010827,0.006488,0.982685
0.034,114.3,49.0,1.0,67,0.010146,0.006203,0.983651
0.034,114.3,50.0,1.0,67,0.009443,0.005928,0.984628
0.034,114.3,51.0,1.0,67,0.008945,0.005687,0.985367
0.034,114.3,52.0,1.0,67,0.008425,0.005473,0.986102
0.034,114.3,53.0,1.0,67,0.008059,0.005287,0.986654
0.034,114.3,54.0,1.0,67,0.007658,0.005116,0.987226
0.034,114.3,55.0,1.0,67,0.00734,0.00495,0.98771
0.034,114.3,56.0,1.0,67,0.007089,0.004802,0.988109
0.034,114.3,57.0,1.0,67,0.006757,0.004623,0.98862
0.034,114.3,58.0,1.0,67,0.006484,0.004448,0.989068
0.034,114.3,59.0,1.0,67,0.006168,0.004269,0.989564
0.034,114.3,60.0,1.0,67,0.005923,0.004109,0.989968
0.034,114.3,61.0,1.0,67,0.005851,0.003974,0.990174
0.034,114.3,62.0,1.0,67,0.005624,0.00386,0.990516
0.034,114.3,63.0,1.0,67,0.005434,0.00375,0.990816
0.034,114.3,64.0,1.0,67,0.00526,0.003619,0.991121
0.034,114.3,65.0,1.0,67,0.004984,0.003453,0.991562
0.034,114.3,66.0,1.0,67,0.004673,0.00326,0.992067
0.034,114.3,67.0,1.0,67,0.004406,0.003077,0.992516
0.034,114.3,68.0,1.0,67,0.004161,0.002942,0.992897
0.034,114.3,69.0,1.0,67,0.003903,0.002872,0.993225
0.034,114.3,70.0,1.0,67,0.00381,0.002836,0.993355
0.034,114.3,71.0,1.0,67,0.00374,0.002751,0.993509
0.034,114.3,72.0,1.0,67,0.003519,0.002559,0.993922
0.034,114.3,73.0,1.0,67,0.003121,0.00229,0.994589
0.034,114.3,74.0,1.0,67,0.002754,0.002032,0.995214
0.034,114.3,75.0,1.0,67,0.002545,0.001881,0.995574
0.034,114.3,76.0,1.0,67,0.002556,0.001887,0.995557
0.034,114.3,77.0,1.0,67,0.002691,0.001985,0.995324
0.034,114.3,78.0,1.0,67,0.002636,0.00195,0.995413
0.034,114.3,79.0,1.0,67,0.002249,0.001672,0.996079
0.034,114.3,80.0,1.0,67,0.001759,0.00131,0.996931
0.034,114.3,81.0,1.0,67,0.001358,0.001012,0.997629
0.034,114.3,82.0,1.0,67,0.00114,0.000848,0.998013
0.034,114.3,83.0,1.0,67,0.001271,0.000941,0.997788
0.034,114.3,84.0,1.0,67,0.001587,0.001168,0.997245
0.034,114.3,66.0,1.33,67,0.047142,0.015397,0.937461
0.034,114.3,67.0,1.33,67,0.030132,0.013442,0.956425
0.034,114.3,68.0,1.33,67,0.025467,0.012301,0.962232
0.034,114.3,69.0,1.33,67,0.022643,0.011649,0.965708
0.034,114.3,70.0,1.33,67,0.0214,0.011337,0.967263
0.034,114.3,71.0,1.33,67,0.020498,0.010991,0.968511
0.034,114.3,72.0,1.33,67,0.01881,0.010189,0.971001
0.034,114.3,73.0,1.33,67,0.01622,0.008925,0.974855
0.034,114.3,74.0,1.33,67,0.013757,0.007672,0.978571
0.034,114.3,75.0,1.33,67,0.012419,0.006992,0.980589
0.034,114.3,76.0,1.33,67,0.012676,0.007178,0.980147
0.034,114.3,77.0,1.33,67,0.014067,0.007994,0.977939
0.034,114.3,78.0,1.33,67,0.014539,0.008306,0.977155
0.034,114.3,79.0,1.33,67,0.012081,0.006949,0.98097
0.034,114.3,80.0,1.33,67,0.008466,0.004898,0.986636
0.034,114.3,81.0,1.33,67,0.005796,0.003366,0.990838
0.034,114.3,82.0,1.33,67,0.004663,0.002715,0.992622
0.034,114.3,83.0,1.33,67,0.005996,0.003498,0.990507
0.034,114.3,84.0,1.33,67,0.009766,0.005705,0.984529
0.206,52.9,45.0,1.0,67,0.064055,0.04996,0.885985
0.206,52.9,46.0,1.0,67,0.058277,0.049037,0.892686
0.206,52.9,47.0,1.0,67,0.052905,0.048306,0.898789
0.206,52.9,48.0,1.0,67,0.049586,0.047863,0.902551
0.206,52.9,49.0,1.0,67,0.048499,0.047547,0.903953
0.206,52.9,50.0,1.0,67,0.046571,0.047124,0.906305
0.206,52.9,51.0,1.0,67,0.046664,0.046724,0.906612
0.206,52.9,52.0,1.0,67,0.045085,0.046058,0.908858
0.206,52.9,53.0,1.0,67,0.044461,0.045485,0.910054
0.206,52.9,54.0,1.0,67,0.043505,0.044911,0.911583
0.206,52.9,55.0,1.0,67,0.044475,0.044428,0.911097
0.206,52.9,56.0,1.0,67,0.046138,0.043902,0.90996
0.206,52.9,57.0,1.0,67,0.045141,0.043298,0.911561
0.206,52.9,58.0,1.0,67,0.045105,0.042647,0.912248
0.206,52.9,59.0,1.0,67,0.044022,0.041839,0.914139
0.206,52.9,60.0,1.0,67,0.042993,0.041099,0.915909
0.206,52.9,61.0,1.0,67,0.04197,0.040447,0.917583
0.206,52.9,62.0,1.0,67,0.04108,0.039987,0.918934
0.206,52.9,63.0,1.0,67,0.040547,0.039684,0.919769
0.206,52.9,64.0,1.0,67,0.040181,0.039223,0.920596
0.206,52.9,65.0,1.0,67,0.037995,0.038178,0.923827
0.206,52.9,66.0,1.0,67,0.03564,0.036683,0.927677
0.206,52.9,67.0,1.0,67,0.033908,0.035085,0.931006
0.206,52.9,68.0,1.0,67,0.03256,0.033901,0.933539
0.206,52.9,69.0,1.0,67,0.031771,0.03336,0.934869
0.206,52.9,70.0,1.0,67,0.031831,0.033579,0.93459
0.206,52.9,71.0,1.0,67,0.03189,0.033604,0.934506
0.206,52.9,72.0,1.0,67,0.030444,0.031985,0.937571
0.206,52.9,73.0,1.0,67,0.027403,0.028881,0.943716
0.206,52.9,74.0,1.0,67,0.024081,0.02551,0.950409
0.206,52.9,75.0,1.0,67,0.022016,0.023396,0.954588
0.206,52.9,76.0,1.0,67,0.022129,0.023572,0.9543
0.206,52.9,77.0,1.0,67,0.024005,0.02567,0.950326
0.206,52.9,78.0,1.0,67,0.02467,0.026617,0.948712
0.206,52.9,79.0,1.0,67,0.021442,0.023359,0.9552
0.206,52.9,80.0,1.0,67,0.016399,0.017995,0.965606
0.206,52.9,81.0,1.0,67,0.012162,0.013402,0.974436
0.206,52.9,82.0,1.0,67,0.009814,0.010835,0.979351
0.206,52.9,83.0,1.0,67,0.01103,0.012178,0.976793
0.206,52.9,84.0,1.0,67,0.015668,0.017283,0.967049
0.206,52.9,66.0,1.33,67,0.079771,0.060463,0.859766
0.206,52.9,67.0,1.33,67,0.093797,0.066389,0.839814
0.206,52.9,68.0,1.33,67,0.094485,0.074204,0.831311
0.206,52.9,69.0,1.33,67,0.09802,0.075029,0.826951
0.206,52.9,70.0,1.33,67,0.101106,0.079848,0.819046
0.206,52.9,71.0,1.33,67,0.112718,0.085098,0.802184
0.206,52.9,72.0,1.33,67,0.119771,0.092442,0.787787
0.206,52.9,73.0,1.33,67,0.114474,0.092698,0.792828
0.206,52.9,74.0,1.33,67,0.109534,0.091385,0.799081
0.206,52.9,75.0,1.33,67,0.103461,0.088104,0.808436
0.206,52.9,76.0,1.33,67,0.104624,0.09029,0.805086
0.206,52.9,77.0,1.33,67,0.119967,0.104818,0.775215
0.206,52.9,78.0,1.33,67,0.144418,0.12995,0.725631
0.206,52.9,79.0,1.33,67,0.163399,0.145908,0.690693
0.206,52.9,80.0,1.33,67,0.14458,0.130431,0.724988
0.206,52.9,81.0,1.33,67,0.098535,0.089444,0.812021
0.206,52.9,82.0,1.33,67,0.068038,0.061646,0.870316
0.206,52.9,83.0,1.33,67,0.074805,0.067136,0.858059
0.206,52.9,84.0,1.33,67,0.163386,0.144779,0.691835
